{
  "minecraft:recipes/decorations/crafting_table": {
    "criteria": {
      "unlock_right_away": "2024-03-21 16:30:32 +0200"
    },
    "done": true
  },
  "minecraft:adventure/adventuring_time": {
    "criteria": {
      "minecraft:savanna_plateau": "2024-03-21 16:31:40 +0200",
      "minecraft:stony_peaks": "2024-03-21 16:31:43 +0200",
      "minecraft:forest": "2024-03-21 16:30:35 +0200",
      "minecraft:deep_dark": "2024-03-21 16:32:49 +0200",
      "minecraft:savanna": "2024-03-21 16:31:33 +0200"
    },
    "done": false
  },
  "DataVersion": 3700
}